label_binary,train,test
0,0.5345828074269883,0.43075762952448543
1,0.4654171925730117,0.5692423704755145
