attack_category,train_proportion
normal,0.5345828074269883
dos,0.3645781238836894
probe,0.09252776388591206
r2l,0.007898517936383194
u2r,0.00041278686702706137
